"","Name","win"
"1","卡卡",0.404761904761905
"2","東東",0.425
"3","慈妹",0.512820512820513
"4","潔米",0.465116279069767
"5","檸檬",0.315789473684211
"6","朱朱",0.439024390243902
"7","秀秀子",0.5
"8","丹丹",0.425
"9","蓁蓁",0.414634146341463
"10","Tiffany",0.414634146341463
"11","Jessy",0.441860465116279
"12","安娜",0.418604651162791
"13","維心",0.456521739130435
"14","沁沁",0.476190476190476
"15","Kesha",0.465116279069767
"16","奶昔",0.452380952380952
